{
  "terrain": "flat",
  "checkpoint": "/workspace/checkpoints/flat/best_model.pt",
  "num_episodes": 100,
  "mean_reward": 22.072116605043412,
  "std_reward": 5.3010134296025075,
  "max_reward": 26.371437072753906,
  "min_reward": -1.5169837474822998,
  "episode_length_mean": 942.42
}