{
  "terrain": "slopes",
  "checkpoint": "/workspace/checkpoints/slopes/best_model.pt",
  "num_episodes": 100,
  "mean_reward": 0.6158464119024575,
  "std_reward": 0.8488172986148279,
  "max_reward": 2.3354291915893555,
  "min_reward": -2.109039068222046,
  "episode_length_mean": 86.41
}