{
  "terrain": "stairs",
  "checkpoint": "/workspace/checkpoints/stairs/best_model.pt",
  "num_episodes": 100,
  "mean_reward": 7.103065683050081,
  "std_reward": 6.208471774814347,
  "max_reward": 26.55767250061035,
  "min_reward": -1.466310977935791,
  "episode_length_mean": 981.75
}