{
  "terrain": "stairs",
  "eval_terrain": "stairs",
  "checkpoint": "/workspace/checkpoints/stairs/best_model.pt",
  "num_episodes": 100,
  "mean_reward": 18.956778907477855,
  "std_reward": 9.096315679709331,
  "max_reward": 26.856691360473633,
  "min_reward": 0.11912131309509277,
  "episode_length_mean": 806.29
}